{
   "xPos" : 3.199999988079071,
   "yPos" : 4.0000000894069672
}
