{
   "xPos" : 3.7999999970197678,
   "yPos" : 3.3000000640749931
}
